"fullName","gender","email","country"
"Tobias Hansen","male","tobias.hansen@example.com","Denmark"
"Gaudêncio Viana","male","gaudencio.viana@example.com","Brazil"
"Evelyn Powell","female","evelyn.powell@example.com","Australia"
"کیانا موسوی","female","khyn.mwswy@example.com","Iran"
"Ege Okur","female","ege.okur@example.com","Turkey"
"Julia Henderson","female","julia.henderson@example.com","United Kingdom"
"Amelia Lavigne","female","amelia.lavigne@example.com","Canada"
"Georgia Taylor","female","georgia.taylor@example.com","New Zealand"
"Camila Benavides","female","camila.benavides@example.com","Mexico"
"Frøya Fevang","female","froya.fevang@example.com","Norway"
"Eurico Cavalcanti","male","eurico.cavalcanti@example.com","Brazil"
"Ava Aragão","female","ava.aragao@example.com","Brazil"
"Jamie Mitchelle","female","jamie.mitchelle@example.com","United States"
"Mathis Lo","male","mathis.lo@example.com","Canada"
"آوین كامياران","female","awyn.kmyrn@example.com","Iran"
"Valentina Lecomte","female","valentina.lecomte@example.com","France"
"Emil Sørensen","male","emil.sorensen@example.com","Denmark"
"Logan Thompson","male","logan.thompson@example.com","New Zealand"
"Félix Ibáñez","male","felix.ibanez@example.com","Spain"
"Lise Schmitt","female","lise.schmitt@example.com","France"
"Chakradev Fernandes","male","chakradev.fernandes@example.com","India"
"Elif Akışık","female","elif.akisik@example.com","Turkey"
"Levien Warners","male","levien.warners@example.com","Netherlands"
"Olivia Christiansen","female","olivia.christiansen@example.com","Denmark"
"Alexandra Black","female","alexandra.black@example.com","Ireland"
"Gustavo Haro","male","gustavo.haro@example.com","Mexico"
"Andrés Saldivar","male","andres.saldivar@example.com","Mexico"
"Emma Gomez","female","emma.gomez@example.com","Australia"
"Cameron Sims","male","cameron.sims@example.com","Ireland"
"Mathis Margaret","male","mathis.margaret@example.com","Canada"
"Ashwini Moolya","female","ashwini.moolya@example.com","India"
"Zack Chapman","male","zack.chapman@example.com","United States"
"Dijana Lazić","female","dijana.lazic@example.com","Serbia"
"Silvano Schmitt","male","silvano.schmitt@example.com","Switzerland"
"Pamela Urías","female","pamela.urias@example.com","Mexico"
"Vinjar Bjørgo","male","vinjar.bjorgo@example.com","Norway"
"Ece Adal","female","ece.adal@example.com","Turkey"
"Joselino Lopes","male","joselino.lopes@example.com","Brazil"
"Fatih Numanoğlu","male","fatih.numanoglu@example.com","Turkey"
"Magdalena Prieto","female","magdalena.prieto@example.com","Spain"
"Francisca Diaz","female","francisca.diaz@example.com","Spain"
"Brunhild Knittel","female","brunhild.knittel@example.com","Germany"
"Sagar Mathew","male","sagar.mathew@example.com","India"
"Avery Gagné","female","avery.gagne@example.com","Canada"
"Svarg Avdieienko","male","svarg.avdieienko@example.com","Ukraine"
"Matilda Lewis","female","matilda.lewis@example.com","New Zealand"
"Erik Shelton","male","erik.shelton@example.com","Australia"
"Emy Riviere","female","emy.riviere@example.com","France"
"Tido Gaal","male","tido.gaal@example.com","Netherlands"
"Clara Chevalier","female","clara.chevalier@example.com","France"
"Catalina Hernández","female","catalina.hernandez@example.com","Spain"
"Dione da Costa","female","dione.dacosta@example.com","Brazil"
"Barbara Hicks","female","barbara.hicks@example.com","Ireland"
"Zolotodana Zhenchenko","female","zolotodana.zhenchenko@example.com","Ukraine"
"Flynn Thompson","male","flynn.thompson@example.com","New Zealand"
"Christy Rice","female","christy.rice@example.com","Australia"
"Alejandro Serrano","male","alejandro.serrano@example.com","Spain"
"Shaun Harris","male","shaun.harris@example.com","United Kingdom"
"Luca Roux","male","luca.roux@example.com","France"
"Coşkun Karabulut","male","coskun.karabulut@example.com","Turkey"
"Kasper Kyllonen","male","kasper.kyllonen@example.com","Finland"
"Maria Wilson","female","maria.wilson@example.com","United Kingdom"
"Muriel Regtop","female","muriel.regtop@example.com","Netherlands"
"Marko Bretschneider","male","marko.bretschneider@example.com","Germany"
"Jorge da Cunha","male","jorge.dacunha@example.com","Brazil"
"Ashton Kumar","male","ashton.kumar@example.com","New Zealand"
"Samanta Vieira","female","samanta.vieira@example.com","Brazil"
"Malin Hubert","female","malin.hubert@example.com","Switzerland"
"Iván Torres","male","ivan.torres@example.com","Spain"
"Millie Harris","female","millie.harris@example.com","New Zealand"
"Raul Freeman","male","raul.freeman@example.com","United Kingdom"
"Dijana Trajković","female","dijana.trajkovic@example.com","Serbia"
"Lea Rasmussen","female","lea.rasmussen@example.com","Denmark"
"Lotta Pulkkinen","female","lotta.pulkkinen@example.com","Finland"
"Eva Jordan","female","eva.jordan@example.com","United Kingdom"
"Frederikke Kristensen","male","frederikke.kristensen@example.com","Denmark"
"Eli Hayes","male","eli.hayes@example.com","United Kingdom"
"Conrado Mayorga","male","conrado.mayorga@example.com","Mexico"
"محمد قاسمی","male","mhmd.qsmy@example.com","Iran"
"Ida Russell","female","ida.russell@example.com","United States"
"Abigail Costa","female","abigail.costa@example.com","Brazil"
"Mikkel Repstad","male","mikkel.repstad@example.com","Norway"
"Kelly Rhodes","female","kelly.rhodes@example.com","United Kingdom"
"حسین زارعی","male","hsyn.zraay@example.com","Iran"
"Morris Price","male","morris.price@example.com","Australia"
"Sobibor Onishchuk","male","sobibor.onishchuk@example.com","Ukraine"
"Abel Daleng","male","abel.daleng@example.com","Norway"
"Dhiraj Das","male","dhiraj.das@example.com","India"
"Silas Cappelen","male","silas.cappelen@example.com","Norway"
"Ron Harper","male","ron.harper@example.com","United States"
"Lyutobor Romanovska","male","lyutobor.romanovska@example.com","Ukraine"
"Nicholas Hale","male","nicholas.hale@example.com","United Kingdom"
"Viola Borishevskiy","female","viola.borishevskiy@example.com","Ukraine"
"Munira Thoresen","female","munira.thoresen@example.com","Norway"
"Jasper Evans","male","jasper.evans@example.com","New Zealand"
"Gerardo Guajardo","male","gerardo.guajardo@example.com","Mexico"
"Peppi Rajala","female","peppi.rajala@example.com","Finland"
"Nishitha Dhamdhame","female","nishitha.dhamdhame@example.com","India"
"Paraskeva Yanovich","female","paraskeva.yanovich@example.com","Ukraine"
"Olander Bjørke","male","olander.bjorke@example.com","Norway"